<?xml version="1.0" encoding="UTF-8"?>
<!DOCTYPE suite SYSTEM "https://testng.org/testng-1.0.dtd">
<suite name="Recruit CRM">
 <listeners>
   <listener class-name="ExtentReportListener.ReportListener"/>

 </listeners>



  <test name="LoginPageTest">
     <parameter name="emailID" value="pushkarnnd@gmail.com"/>
     <parameter name="Password" value="12345678"/>

     <parameter name="emailID2" value="pushkarnnd@gmail.com"/>
     <parameter name="Password2" value="1234567890"/>
     <parameter name="Username" value="Pushkar"/>

    <classes>
      <class name="Selenium_code.homePageLoginVerification"/>
      <class name="Selenium_code.homePageVerification"/>
    </classes>
  </test> 

  <test name="WebElementTest">
     <parameter name="emailID2" value="pushkarnnd@gmail.com"/>
     <parameter name="Password2" value="1234567890"/>
     <parameter name="Username" value="Pushkar"/>

     <classes>
      <class name="Selenium_code.verifyWebElements"/>
    </classes>


  </test>

 <test name="DataAddCheck">
     <parameter name="emailID2" value="pushkarnnd@gmail.com"/>
     <parameter name="Password2" value="1234567890"/>
     <parameter name="Username" value="Pushkar"/>

     <classes>
      <class name="Selenium_code.addCandidate"/>
    </classes>


  </test>

</suite> 
